-- Категорії продукції
INSERT INTO product_category (name, description) VALUES
('Лінзи', 'Оптичні лінзи для різних приладів'),
('Окуляри', 'Окуляри для зору та захисту'),
('Мікроскопи', 'Лабораторні мікроскопи'),
('Телескопи', 'Астрономічні телескопи'),
('Біноклі', 'Польові біноклі'),
('Лупи', 'Збільшувальні лупи'),
('Фотолінзи', 'Лінзи для фотоапаратів'),
('Лазерна оптика', 'Оптика для лазерних пристроїв'),
('Контактні лінзи', 'Лінзи для корекції зору'),
('Окуляри сонцезахисні', 'Окуляри для захисту від сонця'),
('Мікролінзи', 'Мініатюрні лінзи'),
('Лінзи для проекторів', 'Лінзи для проекторів'),
('Окуляри для плавання', 'Окуляри для водних видів спорту'),
('Лінзи для VR', 'Лінзи для віртуальної реальності'),
('Лінзи для телескопів', 'Спеціалізовані лінзи для телескопів');

-- Постачальники
INSERT INTO supplier (name, contact, address) VALUES
('ТОВ "Оптима Скло"', '+380501234567', 'м. Київ, вул. Скляна, 10'),
('ТОВ "Пластик Люкс"', '+380671234567', 'м. Харків, вул. Пластикова, 5'),
('ТОВ "Метал-Про"', '+380931234567', 'м. Дніпро, вул. Металева, 3'),
('ТОВ "Оптика-Сервіс"', '+380501111111', 'м. Львів, вул. Оптична, 8'),
('ТОВ "Скло-Люкс"', '+380502222222', 'м. Київ, вул. Промислова, 15'),
('ТОВ "Пластик-Експерт"', '+380503333333', 'м. Харків, вул. Заводська, 22'),
('ТОВ "Метал-Інвест"', '+380504444444', 'м. Дніпро, вул. Індустріальна, 5'),
('ТОВ "Лінза-Про"', '+380505555555', 'м. Одеса, вул. Лінзова, 3'),
('ТОВ "Оптика-Захід"', '+380506666666', 'м. Львів, вул. Західна, 12'),
('ТОВ "Скло-Сервіс"', '+380507777777', 'м. Київ, вул. Сервісна, 7'),
('ТОВ "Пластик-Люкс"', '+380508888888', 'м. Харків, вул. Пластикова, 9'),
('ТОВ "Метал-Люкс"', '+380509999999', 'м. Дніпро, вул. Металева, 11'),
('ТОВ "Оптика-Центр"', '+380501212121', 'м. Київ, вул. Центральна, 1'),
('ТОВ "Скло-Експерт"', '+380502323232', 'м. Львів, вул. Експертна, 2'),
('ТОВ "Пластик-Центр"', '+380503434343', 'м. Харків, вул. Центр, 3');

-- Матеріали
INSERT INTO material (name, supplier_id, price, quantity) VALUES
('Скло', 1, 100.00, 500),
('Пластик', 2, 50.00, 1000),
('Метал', 3, 200.00, 300),
('Кварц', 4, 120.00, 400),
('Полікарбонат', 5, 80.00, 600),
('Алюміній', 6, 180.00, 350),
('Скловолокно', 7, 90.00, 450),
('Титан', 8, 250.00, 200),
('Пластик прозорий', 9, 60.00, 700),
('Скло оптичне', 10, 110.00, 550),
('Пластик кольоровий', 11, 70.00, 800),
('Метал легкий', 12, 210.00, 250),
('Скло армоване', 13, 130.00, 300),
('Пластик міцний', 14, 90.00, 900),
('Скло для VR', 15, 140.00, 320);

-- Склади
INSERT INTO warehouse (name, address) VALUES
('Головний склад', 'м. Київ, вул. Складська, 1'),
('Склад №2', 'м. Львів, вул. Заводська, 2'),
('Склад №3', 'м. Харків, вул. Промислова, 3'),
('Склад №4', 'м. Дніпро, вул. Індустріальна, 4'),
('Склад №5', 'м. Одеса, вул. Логістична, 5'),
('Склад №6', 'м. Київ, вул. Центральна, 6'),
('Склад №7', 'м. Львів, вул. Західна, 7'),
('Склад №8', 'м. Харків, вул. Центр, 8'),
('Склад №9', 'м. Дніпро, вул. Металева, 9'),
('Склад №10', 'м. Одеса, вул. Лінзова, 10'),
('Склад №11', 'м. Київ, вул. Промислова, 11'),
('Склад №12', 'м. Львів, вул. Експертна, 12'),
('Склад №13', 'м. Харків, вул. Пластикова, 13'),
('Склад №14', 'м. Дніпро, вул. Сервісна, 14'),
('Склад №15', 'м. Одеса, вул. Оптична, 15');

-- Клієнти
INSERT INTO client (name, contact, address) VALUES
('ТОВ "Медтехніка"', '+380991112233', 'м. Київ, вул. Медична, 7'),
('ТОВ "Астрономія"', '+380981234567', 'м. Одеса, вул. Зоряна, 12'),
('ТОВ "Оптика-Люкс"', '+380991223344', 'м. Львів, вул. Оптична, 5'),
('ТОВ "Зоря"', '+380981112244', 'м. Харків, вул. Зоряна, 8'),
('ТОВ "Лінза-Сервіс"', '+380991334455', 'м. Дніпро, вул. Лінзова, 3'),
('ТОВ "Мікроскоп"', '+380991445566', 'м. Київ, вул. Мікроскопна, 9'),
('ТОВ "Телескоп"', '+380991556677', 'м. Одеса, вул. Телескопна, 11'),
('ТОВ "Бінокль"', '+380991667788', 'м. Львів, вул. Біноклева, 13'),
('ТОВ "Лупа"', '+380991778899', 'м. Харків, вул. Лупова, 15'),
('ТОВ "Фотолінза"', '+380991889900', 'м. Дніпро, вул. Фото, 17'),
('ТОВ "ЛазерОптик"', '+380991990011', 'м. Київ, вул. Лазерна, 19'),
('ТОВ "КонтактЛінза"', '+380992001122', 'м. Одеса, вул. Контактна, 21'),
('ТОВ "Сонцезахист"', '+380992112233', 'м. Львів, вул. Сонячна, 23'),
('ТОВ "Мікролінза"', '+380992223344', 'м. Харків, вул. Мікро, 25'),
('ТОВ "VR-Оптика"', '+380992334455', 'м. Дніпро, вул. VR, 27');

-- Співробітники
INSERT INTO employee (name, position, contact) VALUES
('Іваненко Іван', 'Технолог', '+380501112233'),
('Петренко Петро', 'Оператор', '+380671112233'),
('Сидоренко Сергій', 'Інженер', '+380931112233'),
('Коваленко Олена', 'Менеджер', '+380501223344'),
('Мельник Андрій', 'Лаборант', '+380671223344'),
('Шевченко Марія', 'Технолог', '+380931223344'),
('Бондаренко Юрій', 'Оператор', '+380501334455'),
('Гриценко Ірина', 'Інженер', '+380671334455'),
('Данилюк Павло', 'Менеджер', '+380931334455'),
('Кравченко Оксана', 'Лаборант', '+380501445566'),
('Мороз Віктор', 'Технолог', '+380671445566'),
('Ткаченко Наталія', 'Оператор', '+380931445566'),
('Лисенко Дмитро', 'Інженер', '+380501556677'),
('Романенко Світлана', 'Менеджер', '+380671556677'),
('Павленко Артем', 'Лаборант', '+380931556677');

-- Продукція
INSERT INTO product (name, category_id, material_id, price, quantity, warehouse_id) VALUES
('Лінза 50мм', 1, 1, 250.00, 100, 1),
('Окуляри захисні', 2, 2, 150.00, 200, 1),
('Мікроскоп М-1', 3, 3, 3000.00, 10, 2),
('Телескоп Т-2', 4, 3, 5000.00, 5, 2),
('Бінокль 10x50', 5, 4, 1200.00, 15, 3),
('Лупа 5x', 6, 5, 80.00, 50, 4),
('Фотолінза 85мм', 7, 6, 900.00, 20, 5),
('Лазерна лінза', 8, 7, 1100.00, 12, 6),
('Контактна лінза', 9, 8, 60.00, 300, 7),
('Окуляри сонцезахисні', 10, 9, 200.00, 80, 8),
('Мікролінза 2мм', 11, 10, 40.00, 500, 9),
('Лінза для проектора', 12, 11, 350.00, 30, 10),
('Окуляри для плавання', 13, 12, 180.00, 60, 11),
('Лінза для VR', 14, 13, 500.00, 25, 12),
('Лінза для телескопа', 15, 14, 700.00, 18, 13);

-- Замовлення
INSERT INTO "order" (client_id, date, status) VALUES
(1, '2024-05-01', 'Виконано'),
(2, '2024-05-10', 'В обробці'),
(3, '2024-05-12', 'Виконано'),
(4, '2024-05-13', 'В обробці'),
(5, '2024-05-14', 'Виконано'),
(6, '2024-05-15', 'В обробці'),
(7, '2024-05-16', 'Виконано'),
(8, '2024-05-17', 'В обробці'),
(9, '2024-05-18', 'Виконано'),
(10, '2024-05-19', 'В обробці'),
(11, '2024-05-20', 'Виконано'),
(12, '2024-05-21', 'В обробці'),
(13, '2024-05-22', 'Виконано'),
(14, '2024-05-23', 'В обробці'),
(15, '2024-05-24', 'Виконано');

-- Позиції замовлень
INSERT INTO order_item (order_id, product_id, quantity, price) VALUES
(1, 1, 10, 250.00),
(1, 2, 5, 150.00),
(2, 3, 1, 3000.00),
(3, 4, 2, 5000.00),
(4, 5, 3, 1200.00),
(5, 6, 4, 80.00),
(6, 7, 2, 900.00),
(7, 8, 1, 1100.00),
(8, 9, 15, 60.00),
(9, 10, 6, 200.00),
(10, 11, 20, 40.00),
(11, 12, 2, 350.00),
(12, 13, 5, 180.00),
(13, 14, 3, 500.00),
(14, 15, 2, 700.00),
(15, 1, 7, 250.00),
(15, 2, 8, 150.00),
(15, 3, 1, 3000.00);

-- Виробництво
INSERT INTO production (product_id, date, employee_id, quantity) VALUES
(1, '2024-04-20', 1, 50),
(2, '2024-04-22', 2, 100),
(3, '2024-04-23', 3, 10),
(4, '2024-04-24', 4, 5),
(5, '2024-04-25', 5, 15),
(6, '2024-04-26', 6, 50),
(7, '2024-04-27', 7, 20),
(8, '2024-04-28', 8, 12),
(9, '2024-04-29', 9, 30),
(10, '2024-04-30', 10, 80),
(11, '2024-05-01', 11, 40),
(12, '2024-05-02', 12, 25),
(13, '2024-05-03', 13, 60),
(14, '2024-05-04', 14, 25),
(15, '2024-05-05', 15, 18);

-- Відвантаження
INSERT INTO shipment (order_id, date, employee_id, status) VALUES
(1, '2024-05-02', 1, 'Відправлено'),
(2, '2024-05-11', 2, 'Готується'),
(3, '2024-05-13', 3, 'Відправлено'),
(4, '2024-05-14', 4, 'Готується'),
(5, '2024-05-15', 5, 'Відправлено'),
(6, '2024-05-16', 6, 'Готується'),
(7, '2024-05-17', 7, 'Відправлено'),
(8, '2024-05-18', 8, 'Готується'),
(9, '2024-05-19', 9, 'Відправлено'),
(10, '2024-05-20', 10, 'Готується'),
(11, '2024-05-21', 11, 'Відправлено'),
(12, '2024-05-22', 12, 'Готується'),
(13, '2024-05-23', 13, 'Відправлено'),
(14, '2024-05-24', 14, 'Готується'),
(15, '2024-05-25', 15, 'Відправлено'); 